zenodo_id,doi,title,publication_date,authors,description,keywords,version,resource_type,license,url,files
20080431,10.5281/zenodo.20080431,The Universe is governed by Geometry,2026-05-08,"McLean, Eric","<p class=""font-claude-response-body break-words whitespace-normal leading-[1.7]"">The cosmological constant, the most fine-tuned number in physics, was derived from a single algebraic axiom by the Pentagon Physics programme in early 2026. That derivation appeared in <em>The Constants Are Theorems</em",zerofreeparameters; pentagonphysics; cosmological constant; cosmic microwave background temperature,,Preprint,cc-by-4.0,https://zenodo.org/records/20080431,The_Universe_is_Governed_by_Geometry_McLean Final.pdf
20063117,10.5281/zenodo.20063117,The Emergence of the Universe:  From Vacuum Floor to de Sitter Equilibrium,2026-05-07,"McLean, Eric","<p class=""font-claude-response-body break-words whitespace-normal leading-[1.7]"">The universe has a developmental sequence. Four of the most important numbers in physics &mdash; the cosmological constant, Newton's gravitational constant, the de Sitter horizon temperature, and a deeper vacuum scale &",pentagon physics; hubble; bridge line; fine structure; DESI; Euclid; Planck; CMB-S4; 137; De Sitter; Coxeter; newton,,Preprint,cc-by-4.0,https://zenodo.org/records/20063117,Emergence_Universe_McLean Final.pdf
20047458,10.5281/zenodo.20047458,The Fine Structure Constant Is a Rotation Rate,2026-05-06,"McLean, Eric","<h2 class=""font-claude-response-body break-words whitespace-normal leading-[1.7]"">The Fine Structure Constant Is a Rotation Rate</h2>
<p class=""font-claude-response-body break-words whitespace-normal leading-[1.7]""><strong>Description:</strong></p>
<p class=""font-claude-response-body break-words whi",pentagon physics; Fine Structure Constant; Coxeter; Sommerfeld; Penning Trap; De Broglie,,Preprint,cc-by-4.0,https://zenodo.org/records/20047458,PRL_FSC Mclean Final.pdf
19917820,10.5281/zenodo.19917820,The σ² Theorem,2026-04-30,"McLean, Eric","<h2 class=""font-claude-response-body break-words whitespace-normal leading-[1.7]""><strong>The &sigma;&sup2; Theorem</strong> <br><br><em>The universal operator of self-reference, illustrated across five categories of physical action</em></h2>
<p class=""font-claude-response-body break-words whitespac",sigma; pentagon physics; 600-cell; Lyapunov; eigenvalues; E8; Fuzzy Dark Matter; Koide; Nanograv; katrin; DESI; QCD,,Presentation,cc-by-4.0,https://zenodo.org/records/19917820,sigma2_theorem_FINAL McLean.pdf
19875305,10.5281/zenodo.19875305,The Quark Mass Sector Closes,2026-04-29,"McLean, Eric","<h1 class=""text-text-100 mt-3 -mb-1 text-[1.375rem] font-bold"">Quark Spectral Weights</h1>
<p class=""font-claude-response-body break-words whitespace-normal leading-[1.7]"">The Standard Model treats the six quark masses as six free parameters: numbers measured experimentally, set by hand, with no int",quarks; eigenvalues; 600-cell; PDG; Standard Model; Lepton; galois; V-ub Puzzle; pentagon physics,,Preprint,cc-by-4.0,https://zenodo.org/records/19875305,Quark_Spectral_Weights_v8_2 McLean Final.pdf
19849388,10.5281/zenodo.19849388,Newton as a Character Identity on 2I,2026-04-28,"McLean, Eric","<h2 class=""font-claude-response-body break-words whitespace-normal leading-[1.7]""><strong>Newton as a Character Identity on 2I</strong></h2>
<h3 class=""font-claude-response-body break-words whitespace-normal leading-[1.7]""><em>The Pentagon Physics Gravitational Potential as a Class Function on the 6",pentagon physics; greens function; 600-cell; 2I character table; newtons constant; binary icosahedral,,Preprint,cc-by-4.0,https://zenodo.org/records/19849388,A Newton_Character_Identity (10) McLean Final.pdf; character_identity_supplementary (1).py
19828781,10.5281/zenodo.19828781,The KSS Ratio for Spacetime Is 12π/17,2026-04-27,"McLean, Eric","<p class=""font-claude-response-body break-words whitespace-normal leading-[1.7]""><strong>Situation.</strong> Thirty years ago, Ted Jacobson showed that Einstein's field equations of general relativity are not fundamental laws. They are a thermodynamic consequence. If every local horizon in spacetime",KSS; pentagon physics; 600-cell; E8; Jacobson; galois; quasicrystal,,Preprint,cc-by-4.0,https://zenodo.org/records/19828781,KSS_Spacetime_v60 McLean Final.pdf
19816713,10.5281/zenodo.19816713,The Galois Boundary - From Geometric Partition to Gravitational Thermodynamics,2026-04-27,"McLean, Eric","<h2 class=""text-text-100 mt-3 -mb-1 text-[1.375rem] font-bold"">The Galois Boundary</h2>
<p class=""font-claude-response-body break-words whitespace-normal leading-[1.7]""><strong>From Geometric Partition to Gravitational Thermodynamics</strong></p>
<p class=""font-claude-response-body break-words white",Pentagon physics; NANOGrav; Galois Boundary; 600-cell; 2I Character; eigenvalue,,Preprint,cc-by-4.0,https://zenodo.org/records/19816713,The_Galois_Boundary_McLean Final.pdf
19795164,10.5281/zenodo.19795164,The Edinburgh Constant and the Phyllotactic Universe,2026-04-26,"McLean, Eric","<h2 class=""font-claude-response-body break-words whitespace-normal leading-[1.7]""><strong>The Edinburgh Constant and the Phyllotactic Universe</strong></h2>
<h3 class=""font-claude-response-body break-words whitespace-normal leading-[1.7]""><em>Cosmic Evolution is a Spiral</em></h3>
<p class=""font-cla",pentagon physics; bridge line; edinburgh  constant; CASPEr-ZULF; phi; 600-cell; E8; 2I character table; constants,,Preprint,cc-by-4.0,https://zenodo.org/records/19795164,Edinburgh_Constant_McLean Final.pdf
19787763,10.5281/zenodo.19787763,The Bridge Lines - Architecture and Calibration of the Pentagon Physics Geometric Framework,2026-04-26,"McLean, Eric","<h2 class=""font-claude-response-body break-words whitespace-normal leading-[1.7]""><em>The Bridge Lines: Architecture and Calibration of the Pentagon Physics Geometric Framework</em></h2>
<h3 class=""font-claude-response-body break-words whitespace-normal leading-[1.7]""><strong>Description:</strong></",Pentagon physics; Edinburgh  Constant; Bridge Line; Fine Structure; Alpha; Lambda; Phi; 600-cell; 2I character table; sterile neutrino; fuzzy dark matter; axion like particle; electro-weak unification,,Preprint,cc-by-4.0,https://zenodo.org/records/19787763,Bridge_Lines_McLean Final.pdf
19766664,10.5281/zenodo.19766664,The Other Side of Gravity from the 600-Cell Laplacian,2026-04-25,"McLean, Eric","<h3 class=""font-claude-response-body break-words whitespace-normal leading-[1.7]"">Where does gravity originate?&nbsp;</h3>
<p class=""font-claude-response-body break-words whitespace-normal leading-[1.7]"">Newton's gravitational constant G is derived from properties of the proton with no gravitational",Pentagon Physics; Newton; Fine-structure; 600-cell; laplacian; spectral graph theory; quantum gravity; gauge; D4 bridge; so(8); E8; Constants; KSS Bound,,Preprint,cc-by-4.0,https://zenodo.org/records/19766664,figure1.svg; Twin_600Cell_Spectrum (2).xlsx; Gravity_Opus_McLean Final.pdf; figure1.png; twin_600cell_spectrum (1).py
19705712,10.5281/zenodo.19705712,The Fine Structure Constant Is Not a Coupling,2026-04-23,"McLean, Eric","<h2 class=""font-claude-response-body break-words whitespace-normal leading-[1.7]""><strong>&alpha;⁻&sup1; Is Not a Coupling: Four Sectors, One Number, One Geometry</strong></h2>
<h3 class=""font-claude-response-body break-words whitespace-normal leading-[1.7]"">If you genuinely wish to know what the Fi",fine structure constant; alpha; α⁻¹; Pentagon Physics; Gravity; Hubble; binary icosahedral; 600 cell; galois; fuzzy dark matter; pulsar timing array,,Preprint,cc-by-4.0,https://zenodo.org/records/19705712,Fine_Structure_Constant_Is_Not_a_Coupling McLean Final.pdf
19681273,10.5281/zenodo.19681273,Solving Alpha,2026-02,"McLean, Eric","<h2 class=""font-claude-response-body break-words whitespace-normal leading-[1.7]""><strong>Solving Alpha &mdash; Version 5.2</strong> <br><br><strong>The derivation of the fine structure constant, closed from two further directions.</strong></h2>
<p class=""font-claude-response-body break-words whites",fine structure constant; golden ratio; alpha; QED; coherence; self-reference; vacuum polarization; phi; alpha solved; physics; constants,,Preprint,cc-by-4.0,https://zenodo.org/records/19681273,ablation_restricted_results.json; omml_inject.py; build_V5.js; README.md; ablation_B_proper_results.json; Solving_Alpha_V5 McLean Final.pdf; ablation_C_results.json; ablation_permissive_results.json
19666669,10.5281/zenodo.19666669,The Shadows of E = mc² - Deconstructed,2026-04-20,"McLean, Eric","<p class=""font-claude-response-body break-words whitespace-normal leading-[1.7]"">E = mc&sup2; is the most recognised equation in physics, yet the deepest question about it is rarely asked: what does it actually say, once the numerical value of c is stripped out and the geometry underneath is exposed",energy; mass; einstein; bohr; pentagon physics; e=mc2; fine structure constant; bridge line; quasicrystal vacuum; 600 Cell; E8,,Preprint,cc-by-4.0,https://zenodo.org/records/19666669,Shadow of e=mc2 McLean Final.pdf
19653779,10.5281/zenodo.19653779,The Four Forces and the Nucleons,2026-04-19,"McLean, Eric","<p class=""font-claude-response-body break-words whitespace-normal leading-[1.7]"">This paper re-reads the four fundamental forces from the perspective of the matter they act on. Within the Pentagon Physics framework built on the self-referential axiom &sigma; = 1/(1+&sigma;), the proton is identified",Pentagon Physics; binary icosahedral group; 600 cell; E8; icosian ring; D4 Bridge; gravitational coupling; ℚ(√5),,Preprint,cc-by-4.0,https://zenodo.org/records/19653779,The Four Forces and the Nucleons Mclean Final.pdf
19631647,10.5281/zenodo.19631647,The Lattice Between,2026-04-17,"McLean, Eric","<p class=""font-claude-response-body break-words whitespace-normal leading-[1.7]""><strong>Title:</strong> The Lattice Between: The Field, the Photon, and What the Vacuum Is Made Of</p>
<p class=""font-claude-response-body break-words whitespace-normal leading-[1.7]""><strong>Description:</strong></p>
<",Lattice; vacuum; gravity; pentagon physics; photon; casimir; E8; D4 Bridge; 600-cell,,Preprint,cc-by-4.0,https://zenodo.org/records/19631647,The_Lattice_Between_v4 Final mclean.pdf
19629725,10.5281/zenodo.19629725,The Pion Decay Constant Is Derived.,2026-04-17,"McLean, Eric","<p class=""font-claude-response-body break-words whitespace-normal leading-[1.7]""><em>The Hadronic Sector of Pentagon Physics: The Pion Decay Constant and the Neutral Pion Lifetime</em></p>
<p class=""font-claude-response-body break-words whitespace-normal leading-[1.7]""><strong>Description:</strong><",pion decay; adler-bell-jackiw; hadronic physics; pentagon physics; goldberger-treiman; mckay; E8; binary icosahedral group; chiral anomaly,,Preprint,cc-by-4.0,https://zenodo.org/records/19629725,The_Pion_Decay_Constant_Is_Derived_v5 Final.pdf; The_Pi0_Lifetime_Is_Derived_v4 Final.pdf
19625431,10.5281/zenodo.19625431,What will MUSE and PRad II Measure?,2026-04-17,"McLean, Eric","<div>
<div class=""mb-1 mt-6 group"">
<div class=""flex flex-col items-end gap-1"">
<div class=""group relative inline-flex gap-2 bg-bg-300 rounded-xl pl-2.5 py-2.5 break-words text-text-100 transition-all max-w-[75ch] flex-col !px-4 max-w-[85%]"">
<div class=""flex flex-row gap-2 relative"">
<div class=""fl",Pentagon Physics; proton charge radius; MUSE; PRad II; 600-cell; galois; probe-independence,,Preprint,cc-by-4.0,https://zenodo.org/records/19625431,What_will_MUSE_and_PRadII_Measure_McLean Final.pdf
19605364,10.5281/zenodo.19605364,Inside the Resonant Cavity,2026-04-16,"McLean, Eric","<h2 class=""text-text-100 mt-3 -mb-1 text-[1.125rem] font-bold"">Inside the Resonant Cavity</h2>
<h3 class=""text-text-100 mt-3 -mb-1 text-[1.125rem] font-bold""><em>What the E₈ Atom Means, How It Builds Itself, and Where the Particles Went</em></h3>
<p class=""font-claude-response-body break-words white",pentagon physics; E8; 600 Cell; deutron; fermi; higgs; meson; phi; self referential,,Preprint,cc-by-4.0,https://zenodo.org/records/19605364,Inside_the_Resonant_Cavity_v15 McLean Final.pdf
19581839,10.5281/zenodo.19581839,The Atom Is E₈,2026-04-14,"McLean, Eric","<div>
<div class=""group"">
<div class=""contents"">
<div class=""group relative relative pb-3"">
<div class=""font-claude-response relative leading-[1.65rem] [&amp;_pre&gt;div]:bg-bg-000/50 [&amp;_pre&gt;div]:border-0.5 [&amp;_pre&gt;div]:border-border-400 [&amp;_.ignore-pre-bg&gt;div]:bg-transparent [&am",atom; E8; 600-Cell; Pentagon Physics; D4 Bridge,,Preprint,cc-by-4.0,https://zenodo.org/records/19581839,Atom_Is_E8_McLean Final.pdf
19571686,10.5281/zenodo.19571686,Spin-Orbit Derived and Explained,2026-04-14,"McLean, Eric","<p class=""font-claude-response-body break-words whitespace-normal leading-[1.7]""><strong>Title:</strong> Spin-Orbit Derived and Explained: D₄ Triality in the 600-Cell and the Origin of Nuclear Magic Numbers</p>
<p class=""font-claude-response-body break-words whitespace-normal leading-[1.7]""><strong>",spin-orbit; pentagon physics; D4 Triality; Nuclear Magic Numbers; 600-cell; E8; Lie Algebra; eigenspace; eigenvalue,,Preprint,cc-by-4.0,https://zenodo.org/records/19571686,SpinOrbit_PaperA_v3 (4)Mclean Final.pdf
19557759,10.5281/zenodo.19557759,Einstein and Maxwell Unified,2026-04-13,"McLean, Eric","<p class=""font-claude-response-body break-words whitespace-normal leading-[1.7]"">The four forces of nature are four channels of a single transfer matrix.</p>
<p class=""font-claude-response-body break-words whitespace-normal leading-[1.7]"">The root system E₈ decomposes into two 600-cells sharing a 24",Pentagon physics; fisher-rao; Clausius; E8; 600 Cell; QM; QR; Maxwell; Einstein; unification,,Preprint,cc-by-4.0,https://zenodo.org/records/19557759,Einstein_Maxwell_Unified_v12 McLean Final.pdf
19533587,10.5281/zenodo.19533587,Entanglement Does Not Exist,2026-04-12,"McLean, Eric","<p class=""font-claude-response-body break-words whitespace-normal leading-[1.7]""><strong>Entanglement Does Not Exist &mdash; It Is 4D Geometry Misread by 3D Observers</strong></p>
<p class=""font-claude-response-body break-words whitespace-normal leading-[1.7]"">Quantum mechanics works perfectly. Ever",600-cell; entanglement; bell's theorem; duality; pentagon physics,,Preprint,cc-by-4.0,https://zenodo.org/records/19533587,Entanglement_Does_Not_Exist McLean Final.pdf
19512740,10.5281/zenodo.19512740,"Two Frameworks, One Metric. One Equation",2026-04-11,"McLean, Eric","<h3 class=""font-claude-response-body break-words whitespace-normal leading-[1.7]"">Two Frameworks, One Metric. One Equation. General Relativity and Quantum Mechanics as Two Readings of a Single Geometry</h3>
<p class=""font-claude-response-body break-words whitespace-normal leading-[1.7]""><strong>Desc",Pentagon physics; General Relativity; Quantum Mechanics; Riemannian; Brody and Hughston; Chentsov; Jacobson; Unification; Schrodinger; Einstein; E8; 600 Cell; McLean,,Preprint,cc-by-4.0,https://zenodo.org/records/19512740,"Two Frameworks,One Metric.One Equation.Mclean Final.pdf"
19510798,10.5281/zenodo.19510798,A Zero-Parameter Derivation of the Ultra-Light Dark Matter Mass,2026-04-11,"McLean, Eric","<p class=""font-claude-response-body break-words whitespace-normal leading-[1.7]""><strong>A Zero-Parameter Derivation of the Ultra-Light Dark Matter Mass</strong></p>


<p class=""font-claude-response-body break-words whitespace-normal leading-[1.7]""><strong>Results</strong></p>
<p class=""font-claude-",FDM; pentagon physics; galois; lyman-alpha; NanoGrav,,Preprint,cc-by-4.0,https://zenodo.org/records/19510798,FDM_Paper_v7 McLean Final.pdf
19452207,10.5281/zenodo.19452207,"Exotic Masses Predicted - A zero-parameter nuclear mass formula, validated against 51 measured nuclei, applied to 30 unmeasured exotic isotopes",2026-04-07,"McLean, Eric","<p>This paper predicts the masses of 30 exotic isotopes that have never been weighed. The predictions come from a formula with no fitted coefficients. Every constant in the formula is derived from a single equation and the spectral geometry of one polytope. Nothing is tuned to nuclear data.</p>
<p>T",pentagon physics; exotic isotopes; riken; FAIR; FRIB; icosahedral; 600-cell; E8,,Preprint,cc-by-4.0,https://zenodo.org/records/19452207,Exotic_Masses_Predicted_Final Mclean.pdf
19438769,10.5281/zenodo.19438769,The Standard Model Has One Address,2026-04-06,"McLean, Eric","<p><strong>The Standard Model Has One Address</strong> <br><em>SU(3)&times;SU(2)&times;U(1) from the Character Table of 2I</em></p>
<p>The Standard Model of particle physics has 26 free parameters. It does not explain why there are three generations of matter, why the gauge group is SU(3)&times;SU(2",Pentagon Physics; E8; 600 Cell; Standard Model; HIggs; Quarks; 3 Generations; Chirality; gauge group,,Preprint,cc-by-4.0,https://zenodo.org/records/19438769,The_Standard_Model_Has_One_Address_v2 McLeanFinal(10).pdf
19420169,10.5281/zenodo.19420169,The Electron Is the Boundary:  The Gate Between Light and Matter,2026-04-04,"McLean, Eric","<p><strong><span>The Electron Is the Boundary: </span></strong></p>
<p><strong><span>The Gate Between Light and Matter</span></strong></p>
<p><span>Deriving Mass, Charge, and the Fine Structure Constant from a Single Geometric Boundary</span></p>
<p><br>The electron is arguably the most measured par",electron; proton; atom; koide; galois; binary icosahedral; zitterbewgung; pentagon physics; standard model; universal constants,,Preprint,cc-by-4.0,https://zenodo.org/records/19420169,The_Electron_Is_the_Boundary_v28 (1) McLean FInal.pdf
19402611,10.5281/zenodo.19402611,All Fundamental Constants Lie on Two Bridge Lines,2026-04-03,"McLean, Eric","<h2>All Fundamental Constants Lie on Two Bridge Lines</h2>
<p>The gravitational constant G, the Hubble rate H₀, and the cosmological constant &Lambda; span sixty decades of coupling strength. Nothing in standard physics requires them to be related. This paper shows they lie on a single straight line",pentagon physics; fundamental constants; bridge lines; hubble; planck; cosmological; gravitational; fine structure; eigenmode,,Preprint,cc-by-4.0,https://zenodo.org/records/19402611,Fundamental_Constant_Collinearity.pdf; Upper_Lower_Bridge_PP (12) McLean Final.pdf
19365448,10.5281/zenodo.19365448,"α⁻¹ IS THE UNIVERSAL CONVERSION RATE OF Λ, G, H₀",2026-04-01,"McLean, Eric","<h2>&nbsp;&alpha;⁻&sup1; IS THE UNIVERSAL CONVERSION RATE OF &Lambda;, G, H</h2>
<h2><em><span>Three cosmological and gravitational measurements recover the fine structure constant as their common slope, with no electromagnetic input</span></em></h2>


<p>Three of the most precisely measured numbers",pentagon physics; cosmological constant; hubble; gravitational constant; bridge partition; galois; breit-wheeler; dark energy; dirac; overdetermination,,Preprint,cc-by-4.0,https://zenodo.org/records/19365448,"α⁻¹ IS THE UNIVERSAL CONVERSION RATE OF Λ, G, H₀ Final McLean.pdf"
19330871,10.5281/zenodo.19330871,The Origin of the Long-Range Forces,2026-03-30,"McLean, Eric","<h2><strong>The Origin of the Long-Range Forces</strong> </h2>
<h3><em>Why Gravity and Electromagnetism Propagate and the Other Interactions Do Not</em></h3>
<p>Why do gravity and electromagnetism propagate to unlimited distance while the strong and weak interactions do not? The Standard Model has n",Pentagon Physics; long range forces; gravity; 600-cell; eigenvalues; lagrangian,,Preprint,cc-by-4.0,https://zenodo.org/records/19330871,The_Origin_of_the_Long_Range_Forces_McLean Final_2026 (6).pdf
19327153,10.5281/zenodo.19327153,The Free Parameters of Dynamics,2026-03-30,"McLean, Eric","<p><strong>The Free Parameters of Dynamics</strong> <em>What the Lagrangian Chooses and What Chooses the Lagrangian</em></p>


<p>Every physical theory has a hidden layer. It is the set of human choices that connect mathematics to the world: the gauge group, the matter content, the 26 parameters, th",Pentagon physics; numerology; dynamics; time; fine structure constant; lagrangian; gauge group; axiom; self-referential; correspondence,,Preprint,cc-by-4.0,https://zenodo.org/records/19327153,The_Free_Parameters_of_Dynamics_v1 (3) Mclean Final.pdf
19320018,10.5281/zenodo.19320018,The Atom Without Particles,2026-03-29,"McLean, Eric","<div>
<div>
<div>
<div>
<div>
<div>
<div>
<div>
<div>
<div>
<div>
<div>
<p><strong>Title:</strong> The Atom Without Particles <br><br><strong>Subtitle:</strong> The Elements are Different Concentrations of Light<br><br><br>For a century, the atom has been described as a small dense nucleus surrounde",pentagon physics; atom; proton; electron; fine structure constant,,Preprint,cc-by-4.0,https://zenodo.org/records/19320018,The_Atom_Without_Particles_v2 Final McLean (1).pdf
19277828,10.5281/zenodo.19277828,The Stellar Fixed Point,2026-03-28,"McLean, Eric","<p><strong>Title:</strong> The Stellar Fixed Point</p>
<p><strong>Subtitle:</strong> How the Proton's Eigenvalues Set the Shape, Peak, and Clock of Stellar Evolution</p>


<p><strong>Description:</strong></p>
<p>This paper derives the shape of the nuclear binding energy curve, the height of its peak",Pentagon Physics; binding energy curve; stellar evolution,,Preprint,cc-by-4.0,https://zenodo.org/records/19277828,The_Stellar_Fixed_Point_v2 (4) McLean Final.pdf
19263439,10.5281/zenodo.19263439,Deriving the Emergence of Hydrogen in the Universe,2026-03-27,"McLean, Eric","<p><strong>Title:</strong> Deriving the Emergence of Hydrogen</p>
<p><strong>Description:</strong></p>
<p>When did the universe first produce stable hydrogen atoms? This paper answers the question forwards, from derived constants, rather than backwards from observations.</p>
<p>Five fundamental cons",pentagon physics; hydrogen; baryon asymmetry; constants; peebles; friedman,,Preprint,cc-by-4.0,https://zenodo.org/records/19263439,Deriving_Emergence_of_Hydrogen_v4 (3) McLean Final.pdf
19250797,10.5281/zenodo.19250797,Plato's Universe - The Complex Shadows from a Simple Geometry,2026-03-27,"McLean, Eric","<h2><strong>Plato's Universe: The Complex Shadows from a Simple Geometry</strong></h2>
<p>And</p>
<h3>Standard Model from the Character Table</h3>
<p><br>Physics has spent a century asking why the universe has the constants it does. Why is gravity so weak? Why are there three generations of matter? ",Pentagon Physics; Constants; Submarine; Standard Model; 600-Cell; Hubble; Protons; Neutrons; Quarks; Eigenvalues; lagrangian,,Other,cc-by-4.0,https://zenodo.org/records/19250797,Platos_Universe_Manifesto McLean Final.pdf; Platos_Universe_McLean Final.pdf
19233350,10.5281/zenodo.19233350,Nuclear Mass Is Derived V2,2026-03-26,"McLean, Eric","<h2><strong>Title:</strong> Nuclear Mass Is Derived - Version 2&nbsp;</h2>
<h3><strong>Description:&nbsp;<br></strong></h3>
<p><strong>The total nuclear mass of 31 nuclides from hydrogen to uranium is computed from a single formula with zero free parameters:</strong></p>
<p>M(Z, N) = Zmₚ + Nmₙ &minu",pentagon physics; nuclear mass; 600-cell; galois; eigenvalues,,Preprint,cc-by-4.0,https://zenodo.org/records/19233350,Nuclear_Mass_All_Elements.pdf; Nuclear_Mass_Is_Derived_v10 (3).pdf; Nuclear_Mass_Composite_Final.pdf
19223786,10.5281/zenodo.19223786,Pentagon Physics Dynamics,2026-03-25,"McLean, Eric","<p><strong>Title:</strong> Pentagon Physics Dynamics<br><br>PAPER and PRESENTATION&nbsp;<br><br><br></p>
<p><strong>Description:</strong></p>
<p>Coupling strengths, mixing angles, and masses are not three separate departments of physics. They are three simultaneous projections of a single self-refer",Pentagon Physics; eigenvalues; galois; 600-cell; Bethe-Weizsacker; nuclear mass,,Preprint,cc-by-4.0,https://zenodo.org/records/19223786,Pentagon_Physics_Dynamics_v6 McLean Final.pdf; Pentagon_Physics_Dynamics_Presentation.pptx  -  Repaired.pdf
19161724,10.5281/zenodo.19161724,BluePrint of the Proton Presentation,2026-03-22,"McLean, Eric","<div>
<div>
<div>
<div>
<div>
<div>
<div>
<div>
<div>
<div>
<div>
<p>The companion presentation to ""The Internal Electrodynamics of the Proton.""</p>
<p>Twenty slides. One equation. The complete visual argument for why the proton is not a bag of particles but a lossless electromagnetic resonator.</p>",Pentagon Physics; proton,,Presentation,cc-by-4.0,https://zenodo.org/records/19161724,The_Blueprint_of_the_Proton (1).pdf
19161545,10.5281/zenodo.19161545,The Internal Electrodynamics of the Proton,2026-03-22,"McLean, Eric","<p><strong><span>The Internal Electrodynamics of the Proton</span></strong></p>
<p><br><br>The three classic puzzles of proton physics are dissolved. The mass paradox vanishes because 100% of the mass is stored electromagnetic energy. The spin crisis vanishes because only 2 of the 6 representation w",proton; pentagon physics; charge radius; axial coupling; neutron charge radius; spin; pressure; gravity,,Preprint,cc-by-4.0,https://zenodo.org/records/19161545,Internal_Electrodynamics_Proton_v7 Final McLean.pdf
19151933,10.5281/zenodo.19151933,Why Matter Persists,2026-03-21,"McLean, Eric","<p>Why Matter Persists: Stability, Basins, and the Cost of Unwinding</p>
<h2>Description</h2>
<p><strong>You used to be light.</strong> Every atom in your body was once massless energy travelling at the speed of light. At some point it stopped, became matter, and stayed that way. The question is: wh",Higgs; pentagon physics; galois; D4; Gauge Group; constants,,Preprint,cc-by-4.0,https://zenodo.org/records/19151933,Why_Matter_Persists_v3_2 Final McLean.pdf
19147058,10.5281/zenodo.19147058,The Gauge Group Is D₄  :  How one equation produces the three forces of nature,2026-03-21,"McLean, Eric","<h2>Title</h2>
<p>The Gauge Group Is D₄: How One Equation Produces the Three Forces of Nature</p>
<p><strong>The Standard Model gauge group SU(3) &times; SU(2) &times; U(1) has been postulated for fifty years. No generally accepted derivation from first principles exists. This paper derives the pare",Pentagon Physics; gauge group; SO(8); 24-Cell; Galois; Phi; self-reference,,Preprint,cc-by-4.0,https://zenodo.org/records/19147058,The_Gauge_Group_Is_D4_v2 (4) McLean Final.pdf
19135102,10.5281/zenodo.19135102,Majorana Neutrino Masses Derived,2026-03-20,"McLean, Eric","<h2><br>This paper derives the Neutrino masses&nbsp;</h2>
<p><br>The atmospheric mixing angle sin&sup2;&theta;₂₃ = 3/(2&phi;&sup2;) connects two published results: the charged lepton Koide parameter Q = 2/3 and the neutrino Koide parameter Q(&nu;) = 1/&phi;&sup2;. The identity is algebraically exact",pentagon physics; neutrino; koide; leptons; 600-cell,,Preprint,cc-by-4.0,https://zenodo.org/records/19135102,Majorana_Neutrino_Masses_Derived_v5 McLean Final.pdf
19125869,10.5281/zenodo.19125869,The Schrödinger equation as self-referential flow on the 600-cell,2026-03-20,"McLean, Eric","<div>
<div>
<div>
<div>
<div>
<div>
<div>
<div>
<div>
<div>
<div>
<p><strong>Titles:</strong> Why Schr&ouml;dinger&nbsp; &nbsp;-&nbsp; The Schr&ouml;dinger equation as self-referential flow on the 600-cell</p>
<p><strong>Description:</strong></p>
<p>The Schr&ouml;dinger equation is the dynamical law",Schrödinger equation; born; 600-cell; Gleason's theorem; pentagon physics,,Preprint,cc-by-4.0,https://zenodo.org/records/19125869,Why_Schrodinger_v3 (2) McLean Final.pdf
19115512,10.5281/zenodo.19115512,"Friedmann dynamics from the action that derives α, G, and Λ",2026-03-19,"McLean, Eric","<p><strong>Title:</strong> De Sitter Is Prevented</p>
<p><strong>Subtitle:</strong> Friedmann dynamics from the action that derives &alpha;, G, and &Lambda;</p>
<p><strong>Description:</strong></p>
<p>The Friedmann constraint surface &Omega;_m + &Omega;_&Lambda; = 1 is a probability simplex. Placing",cosmological constant; Friedman; fisher-rao; DESI; Pentagon Physics,,Preprint,cc-by-4.0,https://zenodo.org/records/19115512,De_Sitter_Is_Prevented_v3 (2) McLean Final.pdf
19109667,10.5281/zenodo.19109667,Why Gravity Couples to Mass - Presentation Companion,2026-03-19,"McLean, Eric","<h2><strong>Title:</strong> Why Gravity Couples to Mass &mdash; Companion Presentation</h2>
<h3><strong>Description:</strong></h3>
<p>Companion slide deck to the paper ""Why Gravity Couples to Mass"" (doi:10.5281/zenodo.19109094).</p>
<p>15 slides. No free parameters. No apologies.</p>
<p>For three ce",Gravity; Pentagon Physics; presentation,,Presentation,cc-by-4.0,https://zenodo.org/records/19109667,Why_Gravity_Couples_to_Mass (3).pdf
19109094,10.5281/zenodo.19109094,Why Gravity Couples to Mass,2026-03-19,"McLean, Eric","<p>This is a Physics Breakthrough</p>
<h2>Why Gravity Couples to Mass &mdash; Why electromagnetism and gravity obey different coupling rules.</h2>
<h3>For over three centuries, nobody has been able to explain why gravity has the strength it does. Newton measured it. Einstein described what it does. ",Pentagon physics; phi; constants; gravity; equivalence; galois; confinement,,Preprint,cc-by-4.0,https://zenodo.org/records/19109094,Why_Gravity_Couples_to_Mass_v3 McLean Final.pdf
19100930,10.5281/zenodo.19100930,Gravity from Confinement,2026-03-18,"McLean, Eric","<div>
<div>
<div>
<div>
<div>
<div>
<div>
<div>
<div>
<div>
<div>
<h2><strong>Title:</strong> Gravity from Confinement</h2>
<h3><strong>Subtitle:</strong> Gravity as the electromagnetic residual of confined light</h3>
<p><strong>Description:</strong></p>
<p>There is only one force.</p>
<p>Inside the",Pentagon Physics; laplacian eigenvalues; gravity; constants; 600-cell; confinement; spectral graph theory,,Preprint,cc-by-4.0,https://zenodo.org/records/19100930,Gravity_from_Confinement_v3 (3) FInal McLean.pdf
19099370,10.5281/zenodo.19099370,Quarks Are Eigenvalues,2026-03-18,"McLean, Eric","<div>
<div>
<div>
<div>
<div>
<div>
<div>
<div>
<div>
<div>
<div>
<div>
<h2><strong>Title:</strong> Quarks Are Eigenvalues</h2>
<h3><strong>Description:</strong></h3>
<p><strong>Quarks are not particles inside the proton. <br><br>They are the six eigenvalues of a standing wave confined by the impeda",Pentagon physics; 600-cell; quark confinement; galois; proton mass; meson spectrum; chebyshev polynomial,,Preprint,cc-by-4.0,https://zenodo.org/records/19099370,Quarks_Are_Eigenvalues_v5 (2)Final Mclean.pdf
19087224,10.5281/zenodo.19087224,General Relativity and Quantum Mechanics Unified - Presentation Companion,2026-03-18,"McLean, Eric","<h2>General Relativity and Quantum Mechanics Are Unified: Presentation Slides</h2>
<h3><strong>Description:</strong></h3>
<p>Presentation slides accompanying the Pentagon Physics programme paper ""Why General Relativity and Quantum Mechanics Are Unified"" (McLean, 2026).</p>
<p>The presentation derive",Pentagon Physics; constants; fisher-rao; 600-cell; Dirichiet; Standard model; vacuum catastrophe; quark confinement,,Presentation,cc-by-4.0,https://zenodo.org/records/19087224,General Relativity and Quantum Mechanics Unification.pdf
19072188,10.5281/zenodo.19072188,Why General Relativity and Quantum Mechanics Are Unified,2026-03-17,"McLean, Eric","<div>
<div>
<div>
<div>
<div>
<div>
<div>
<div>
<div>
<div>
<div>
<h2><strong>Title:</strong> Why General Relativity and Quantum Mechanics Are Unified</h2>
<h3><strong>Description:</strong></h3>
<p>For a century, physics has treated quantum mechanics and general relativity as separate theories requi",alpha; lambda; phi; constants; fisher-rao; self-reference; binary icosahedral; 600-cell; Dirichiet; Pentagon Physics,,Preprint,cc-by-4.0,https://zenodo.org/records/19072188,GR and QM Unification McLean Final.pdf
19035362,10.5281/zenodo.19035362,Amplitude from Trace,2026-03-15,"McLean, Eric","<p><strong>Description:</strong></p>
<p>The character table of the binary icosahedral group 2I encodes coupling constants through the trace of its five-fold conjugacy class: &chi;(2, C₅) = 2cos(&pi;/5) = &phi;. <br>This paper identifies the complementary face. The off-diagonal entry of the same SU(2",CKM; quarks; Phi; Pemtagon Physics; cabibbo; CP violation; five fold; belle II; flavour symmetry,,Preprint,cc-by-4.0,https://zenodo.org/records/19035362,Amplitude_from_Trace_McLean Final. (CKM replacment)docx.pdf
19033377,10.5281/zenodo.19033377,Three Levels of Self-Reference,2026-03-15,"McLean, Eric","<p><strong>Title:</strong> Three Levels of Self-Reference: The Mathematical Architecture of the Universe</p>
<p><strong>Description:</strong></p>
<p>The self-referential fixed-point equation &sigma; = 1/(1+&sigma;) has a unique positive solution &sigma; = &phi;⁻&sup1; = (&radic;5&minus;1)/2 in the q",phi; pentagon physics; self-reference; 600 Cell; bridge angle; neutrino mixing; pmns matrix; vieta; circulant; koide; E8; vertax; quasicrystal,,Preprint,cc-by-4.0,https://zenodo.org/records/19033377,Three_Levels_v11 final McLean.pdf
19029059,10.5281/zenodo.19029059,Why 137,2026-03-15,"McLean, Eric","<div>
<div>
<div>
<div>
<div>
<div>
<div>
<div>
<div>
<div>
<div>
<div>
<p><strong>Title:</strong> Why 137: A Contiguous Derivation in Ten Links</p>
<p><strong>Description:</strong></p>
<p>The fine structure constant has been measured for over a century but never derived. The Standard Model is struc",fine structure constant; alpha; 137; phi; pentagon physics; mass energy equivalence; vacuum energy,,Preprint,cc-by-4.0,https://zenodo.org/records/19029059,Why_137_v3 (4) Final Mclean.pdf
19022248,10.5281/zenodo.19022248,Why the Constants Have the Values They Have,2026-02,"McLean, Eric","<p><strong>This is a Physics Breakthrough. We now know the why and how of the constants.&nbsp;<br><br><br>Why the Constants Have the Values They Have:&nbsp; The Equivalence Cost of the Universe</strong></p>
<p>The fine structure constant is derived from a single self-referential axiom (&sigma; = 1 +",Hartree; Phi; Universal Constants; mass-energy equivalence; constants values; alpha; lambda; cosmological constant,,Preprint,cc-by-4.0,https://zenodo.org/records/19022248,Why_Constants_V2 Zenodo McLean Final.pdf
19019737,10.5281/zenodo.19019737,THE GENESIS ALGEBRA,2026-03-14,"McLean, Eric","<h2>The Genesis Algebra: How a Single Map Produces Coherence, Time, and Energy</h2>
<h3><strong>Description:</strong></h3>
<p>The self-referential axiom &sigma; = 1/(1+&sigma;), foundation of the Pentagon Physics programme, has been used across forty companion papers to derive physical constants fro",Pentagon Physics; entropy; 600 Cell; fibonacci; boltzmann; phi; constants; ℚ(√5),,Preprint,cc-by-4.0,https://zenodo.org/records/19019737,The_Genesis_Algebra (5) McLean Final .pdf
19016122,10.5281/zenodo.19016122,The Eigenvalues of Reality,2026-02,"McLean, Eric","<p><strong>The Eigenvalues of Reality: Jacobian Analysis of the Self-Referential Friedmann System</strong></p>
<p>The axiom &sigma; = 1/(1+&sigma;) generates a coupled dynamical system whose fixed point is a four-sector energy partition: &phi;⁻&sup1; + &phi;⁻&sup3; + &phi;⁻⁵ + &phi;⁻⁶ = 1. This pape",Jacobian Analysis; Eigenvalues; Self-Referential; Friedmann; Phi; Pentagon Physics,,Preprint,cc-by-4.0,https://zenodo.org/records/19016122,The_Eigenvalues_of_Reality_v8 McLean Final Corrections.pdf
19003856,10.5281/zenodo.19003856,The Standard Model Lives in a Single Character Table,2026-03-13,"McLean, Eric","<div>
<div>
<div>
<div>
<div>
<div>
<div>
<div>
<div>
<div>
<div>
<h2>The Standard Model Lives in a Single Character Table</h2>
<p><strong>Description:</strong></p>
<p>The Standard Model of particle physics has 26 free parameters &mdash; coupling constants, particle masses, mixing angles &mdash; tha",Pentagon Physics; binary icosahedral group; constants; koide; pion; quarks; Peter-Weyl; hadron mass ratios,,Preprint,cc-by-4.0,https://zenodo.org/records/19003856,The Standard Model  Lives in a  Single Character Table  MCLean Final.pdf
18988843,10.5281/zenodo.18988843,E₈ Is Both Roots,2026-03-12,"McLean, Eric","<h2>E₈ Is Both Roots<br><span lang=""EN-GB""></span></h2>
<p>&nbsp;</p>
<p><strong>Description:</strong></p>
<p>The equation &sigma; = 1/(1+&sigma;) has two roots: &phi; = (1+&radic;5)/2 and &psi; = (1&minus;&radic;5)/2. The 600-cell, the four-dimensional polytope with 120 vertices, is built from the ",Pentagon physics; gosset; 600 cell; galois; gelfand; weyl; phi,,Preprint,cc-by-4.0,https://zenodo.org/records/18988843,E8_Is_Both_Roots_v6 McLean Final.pdf
18985777,10.5281/zenodo.18985777,The Spectral Geometry of the 600-Cell,2026-03-12,"McLean, Eric","<h2>The Spectral Geometry of the 600-Cell:</h2>
<h3><em>The Algebraic Foundation of Pentagon Physics</em></h3>
<p>&nbsp;</p>
<p>The 600-cell is the largest shape in four dimensions whose geometry is built from &phi; = (1+&radic;5)/2. It has 120 vertices, each connected to exactly 12 neighbours. This",600 cell; spectral graph theory; binary icosahedral group; Pentagon Physics; self-referential structure; constants; koide; E8; regular polytope; φ-geometry,,Preprint,cc-by-4.0,https://zenodo.org/records/18985777,Spectral_Geometry_600Cell_v3 McLean Final.pdf
18977128,10.5281/zenodo.18977128,Nyx - Our n = 5 Universe,2026-03-12,"McLean, Eric","<p><strong>Title:</strong> Nyx: Our n = 5 Universe</p>
<p><strong>Description:<br></strong><br><strong>We decided to test an alternative universe against our own results.&nbsp; Meet Nyx.&nbsp;</strong></p>
<p>The equation &sigma; = n/(n+&sigma;) with n = 1 produces Phi and, through the Pentagon Phys",Pentagon Physics; Nyx; Spiral Engine; Constants; Phi; 600 Cell; E8; Weinberg; Koide,,Preprint,cc-by-4.0,https://zenodo.org/records/18977128,Nyx_v3.pdf
18976782,10.5281/zenodo.18976782,The Origin of the Universe and the Emergence of Life,2026-03,"McLean, Eric","<p><strong>Title:</strong> The Origin of the Universe and the Emergence of Life: A Complete Geometric Progression from 2D to E₈</p>
<p><strong>Description:</strong></p>
<p>This paper proposes an imagined universe (IU) built entirely from the self-referential equation &sigma; = 1/(1+&sigma;), whose p",pentagon physics; 600-cell; E8; McKay; Koide; Hartree; Higs; PMNS; weinberg; constants; phi; Nyx,,Other,cc-by-4.0,https://zenodo.org/records/18976782,The_Origin_of_the_Universe_and_the_Emergence_of_Life_v7.pdf
18940370,10.5281/zenodo.18940370,The Atmospheric Neutrino Mass from Self-Reference,2026-03-10,"McLean, Eric","<p><strong><span>The Atmospheric Neutrino Mass from Self-Reference</span></strong></p>
<p><em><span>The Atmospheric Oscillation Scale from the Pentagon Physics Axiom</span></em></p>
<p><br><br>The atmospheric oscillation scale m_atm &equiv; &radic;|&Delta;m&sup2;₃₂| &asymp; 0.0495 eV sets the scale ",neutrino mass; pentagon physics; solar mass; baryon asymmetry,,Preprint,cc-by-4.0,https://zenodo.org/records/18940370,Atmospheric_Neutrino_Mass McLean Final.pdf
18936715,10.5281/zenodo.18936715,The Baryon Asymmetry from Self-Reference,2026-03-10,"McLean, Eric","<p>&nbsp;</p>
<p><strong><span>The Baryon Asymmetry from Self-Reference - Fish in a Barrel&nbsp;</span></strong></p>
<p><br><br>The baryon-to-photon ratio &eta;_B = (6.104 &plusmn; 0.058) &times; 10⁻&sup1;⁰ is one of the numbers the Standard Model cannot produce. Its electroweak CP violation falls s",Pentagon physics; baryon; leptogenesis; CP violation; cosmological constants; PMNS; CKM; Weinberg angle; Sakharov condition,,Preprint,cc-by-4.0,https://zenodo.org/records/18936715,Baryon_Asymmetry_v5 McLean Final.pdf
18923820,10.5281/zenodo.18923820,Why the Standard Cosmological Causal Chain Is Backwards,2026-03-09,"McLean, Eric","<p><strong>Standard cosmology holds that the cosmological constant &Lambda; drives the expansion of the universe and that the Hubble rate H₀ is the observed consequence. This paper argues the arrow runs the other way.</strong></p>
<p>The Pentagon Physics bridge partition 1 = &phi;⁻&sup1; + &phi;⁻&su",Pentagonphysics; cosmology; universal constants; hubble; vacuum energy,,Preprint,cc-by-4.0,https://zenodo.org/records/18923820,Why the Standard Cosmological Causal Chain Is Backwards McLean Final.pdf
18923674,10.5281/zenodo.18923674,The Bridges of Pentagon Physics,2026-03-09,"McLean, Eric","<p>Pentagon Physics previously derived all constants of the Standard Model from the single self-referential axiom &sigma; = 1/(1+&sigma;), which has discriminant 5 and positive root &phi; = (1+&radic;5)/2. Previous papers established the individual derivations. This paper establishes further connect",Universal Constants; Higgs; Hubble; Phi; Pentagon Physics; self-referential,,Preprint,cc-by-4.0,https://zenodo.org/records/18923674,Bridges_of_Pentagon_Physics_v6 McLean Final.pdf
18921813,10.5281/zenodo.18921813,Pentagon Physics Table Taxonomy,2026-03-09,"McLean, Eric","<p>The Standard Model of particle physics has twenty-six free parameters. This document presents the first formal taxonomy of those constants organised not by experimental origin or Standard Model sector, but by the operation the universe performs when each constant appears.</p>
<ul>
<li>Six operati",Pentagon Physics; taxonomy,,Model,cc-by-4.0,https://zenodo.org/records/18921813,PP_Alpha_Taxonomy.md.pdf
18912877,10.5281/zenodo.18912877,Quantum Mechanics Is a Shadow,2026-03-08,"McLean, Eric","<h2><strong>Quantum Mechanics Is a Shadow<br></strong></h2>
<h3><strong>The Born Rule, the Observer, and the Fourth Dimension</strong> Pentagon Physics Programme Paper 37</h3>
<p>A two-page paper deriving the Born rule from geometry, without new postulates beyond the self-referential axiom &sigma; =",Born; Pentagon Physics; quantum; projection; fourth dimension; 600 Cell; Bell's Theorem; Gleason,,Preprint,cc-by-4.0,https://zenodo.org/records/18912877,QM_Shadow_v4 McLean Final.pdf
18912388,10.5281/zenodo.18912388,Quantum Mechanics from the 600-Cell,2026-03-08,"McLean, Eric","<h2><strong>Quantum Mechanics from the 600-Cell: Measurement, Collapse, and the Born Rule Solved</strong> </h2>
<h3>Pentagon Physics Programme Paper 36</h3>
<p>This paper argues that the measurement problem in quantum mechanics is not a dynamical problem but a geometric one, and solves it accordingl",Pentagon Physics; quantum; born rule; 600 Cell; polytope; E8; constants; projection; Fourth Dimension; icosahedral,,Preprint,cc-by-4.0,https://zenodo.org/records/18912388,QM_from_600_Cell_McLean_v11 FINAL changes.pdf
18904887,10.5281/zenodo.18904887,The Constants Table,2026-03-07,"McLean, Eric","<p><strong>Title:</strong> The Constants Table: Eigenspectrum of Reality</p>
<p><strong>Description:</strong></p>
<p>A structured reference chart organising the fundamental constants of physics according to two axes derived from Pentagon Physics: recursion depth (how many folds of the self-referenti",constants; weinberg; koide; PNMS; CKM; Phi; eiganvalue; φ; Pentagon Physics; dark energy,,Poster,cc-by-4.0,https://zenodo.org/records/18904887,constants-table-A3.html
18903481,10.5281/zenodo.18903481,Gravity Is Not a Fundamental Force,2026-03-07,"McLean, Eric","<h2><strong>Gravity Is Not a Fundamental Force<br>The Projection Residue of Pentagonal Geometry into Three Dimensions</strong></h2>
<p><strong>Description:</strong></p>
<p>The gravitational constant G, the cosmological constant &Lambda;, and the Higgs vacuum expectation value are derived from a sing",constants; gravity; phi; bridge algebra; 600-cell; pentagon physics; gauge groups; galois,,Preprint,cc-by-4.0,https://zenodo.org/records/18903481,Gravity_Is_Not_Fundamental McLean Final.pdf
18901979,10.5281/zenodo.18901979,E₈ Is Necessary,2026-03-07,"McLean, Eric","<p><strong><span>E₈ Is Necessary</span></strong></p>
<p><span>The Exceptional Algebra as a Necessary Consequence of the Self-Referential Axiom</span></p>
<p><br><br>The exceptional Lie algebra E₈ appears throughout theoretical physics as a powerful organisational structure, but its origin has never ",E8; icosian; galois; universal constants; pentagon physics; self-referential; phi; alpha; lambda,,Preprint,cc-by-4.0,https://zenodo.org/records/18901979,E8_Necessary_McLean Final.pdf
18898322,10.5281/zenodo.18898322,Why φ?,2026-03-07,"McLean, Eric","<p>The golden ratio &phi; appears in independently derived expressions for the fine structure constant, cosmological constant, gravitational constant, Higgs mass, lepton masses, CKM and PMNS mixing matrices, and the QCD vacuum angle. <br><br>This paper argues the recurrence is algebraic necessity, n",Phi; Universal constants; CKM; PMNS; Pentagon Physics,,Preprint,cc-by-4.0,https://zenodo.org/records/18898322,Why_Phi_McLean Final.pdf
18848339,10.5281/zenodo.18848339,The Architecture of Pentagon Physics,2026-03-03,"McLean, Eric",<p>The architecture and framework of Pentagon Physics&nbsp;</p>,Pentagon Physics,,Poster,cc-by-4.0,https://zenodo.org/records/18848339,architecture_v4.pdf
18838751,10.5281/zenodo.18838751,The Koide Phase from 600-Cell Closure,2026-03-02,"McLean, Eric","<div>
<div>
<div>
<div>
<div>
<div>
<div>
<div>
<div>
<div>
<div>
<div>
<p>The Koide phase cos &delta; = &minus;19/28, which sets the electron-muon-tau mass hierarchy, has been unexplained since 1981. This paper derives it from the 600-cell with zero free parameters.</p>
<p>Two independent routes co",koide; 600 cell; lepton masses; Fibonacci–Lucas pair; electron; muon; tau; Galois,,Preprint,cc-by-4.0,https://zenodo.org/records/18838751,Koide_Phase_600_Cell_v7 (1).pdf
18825541,10.5281/zenodo.18825541,Where Dimensions Come From,2026-03-01,"McLean, Eric","<p>This paper argues where the dimensions emerge from. It's a fundamental paradigm shift in our view of the universe.<br><br>We argue and demonstate that dimensional structure is derived from a single self-referential axiom. <br><br>The equation &sigma; = 1/(1+&sigma;), whose positive solution is &p",kaluza and klein; E8; dimensional emergence; sublimation; pentagon geometry; fine structure constant; universal constants; icosahedrons; neutrinos,,Preprint,cc-by-4.0,https://zenodo.org/records/18825541,Dimensional_Biography_of_Phi_v4 (1).pdf
18804690,10.5281/zenodo.18804690,The Fundamental Constants Are Not Free,2026-02-27,"McLean, Eric","<p><strong>The Fundamental Constants Are Not Free: Algebraic Lock across 84 Orders of Magnitude</strong></p>
<p>The 28 parameters of the Standard Model and standard cosmology are treated as independent empirical inputs. This paper presents evidence that they are not. The data shows that the fundamen",Universal constants; TOE; Pentagon Physics; phi; alpha,,Preprint,cc-by-4.0,https://zenodo.org/records/18804690,The_Fundamental_Constants_McLean Final.pdf
18767628,10.5281/zenodo.18767628,Determining the Gravitational Coupling from a Self-Referential Geometric Template,2026-02,"McLean, Eric","<p>&nbsp;</p>
<h2>Version 2</h2>
<p><strong>Title: Determining the Gravitational Coupling from a Self-Referential Geometric Template: A Parameter-Free Prediction of &alpha;G at the Proton Scale</strong></p>
<p><strong>Description:</strong></p>
<p>This paper derives the dimensionless gravitational co",gravitational constant; hubble; cosmological constants; phi; alpha; lambda; hubble tension; fundamental constants,,Preprint,cc-by-4.0,https://zenodo.org/records/18767628,Determining the Gravitational Coupling .pdf
18762599,10.5281/zenodo.18762599,Selecting the Koide Phase,2026-02-24,"McLean, Eric","<p>The companion paper (<em>The Koide Stability Lemma</em>) reduces three charged lepton masses to one unknown phase angle. This paper closes that angle.</p>
<p>We impose two independent algebraic conditions on the circulant eigenvalue hierarchy. <br><br>First, the golden-ratio balance Q_n = 1/&phi;",koide; phase; phi; stability lemma; rung theory,,Preprint,cc-by-4.0,https://zenodo.org/records/18762599,Selecting_the_Koide_Phase_Final McLean.pdf
18762423,10.5281/zenodo.18762423,The Koide Stability Lemma,2026-02-24,"McLean, Eric","<p><br><br>Why are there exactly three generations of matter? <br><br>We show the answer follows from one symmetry class. <br><br>Given a Hermitian circulant mass matrix with discrete ℤ/3ℤ family symmetry, we prove three results. <br><br>Theorem 1: the Koide formula Q = 2/3 is equivalent to a balanc",koide; stability; lemma; Hermitian; pentagon; phi,,Preprint,cc-by-4.0,https://zenodo.org/records/18762423,The_Koide_Stability_McLean Final 3.pdf
18760997,10.5281/zenodo.18760997,Master Framework Handbook: 30 Constants from One Axiom,2026-02-24,"McLean, Eric","<p><strong>VERSION 2<br><br></strong>Lepton masses upgraded from fitted to derived (cos(&delta;) = &minus;19/28 uniquely selected); PMNS angles, Higgs mass, and &Delta;m&sup2;₃₂ ratio filled from Feb 23&ndash;24 sessions; 19 of 26 Standard Model constants now solved with zero free parameters.<strong",Fundamental constants; standard model; fine structure; cosmological; higgs boson; neutrino; CKM; PMNS; Primary Coherence Theory; Pentagon Physics,,Other,cc-by-4.0,https://zenodo.org/records/18760997,MFH_Constants_Catalogue_McLean_Final (1).pdf
18756247,10.5281/zenodo.18756247,The Higgs Quartic Is Not Free,2026-02-24,"McLean, Eric","<h2>Description</h2>
<p>The Higgs quartic coupling &lambda; is conventionally a free parameter of the Standard Model. This paper determines it from the self-referential fixed-point equation &sigma; = 1/(1+&sigma;) via two structural postulates and no adjustable numerical parameters.</p>
<p><strong>T",Higgs; Higgs Quartic; Phi; lagrangian; mexican hat; electro weak; stillpoint,,Preprint,cc-by-4.0,https://zenodo.org/records/18756247,Higgs_Quartic_Not_Free_McLean Final.pdf
18755516,10.5281/zenodo.18755516,THE MACHINE THAT BUILDS ITSELF,2026-02-24,"McLean, Eric","<p>Non-technical overview of a 30-paper research programme deriving fundamental physical constants from a single self-referential axiom, &sigma; = 1/(1+&sigma;), with zero free parameters.</p>
<p>The framework does not replace the Standard Model, general relativity, or quantum field theory. It deriv",pentagon; phi; universal constants; koide,,Other,cc-by-4.0,https://zenodo.org/records/18755516,The Machine that Builds Itself McLean Final.pdf
18732889,10.5281/zenodo.18732889,Predicting ΩK from φ-Damped Cosmology: Agreement with CPT-Symmetric Quantization,2026-02-22,"McLean, Eric","<p>This extends the Primary Coherence Theory programme to cosmological scales. The same self-referential constant that yields the fine structure constant from 360/&phi;&sup2;, the cosmological constant from &alpha;⁻&sup1; &times; 2/&radic;5, and the gravitational constant from 1/(5&phi;⁴) now produc",spatial curvature; cosmological parameters; phi; closed universe; conformal time; Planck; Euclid; DESI; sine structure,,Preprint,cc-by-4.0,https://zenodo.org/records/18732889,Predicting_Omega_McLean Final.pdf
18727029,10.5281/zenodo.18727029,The Rung Theorem,2026-02-21,"McLean, Eric","<p>The universe has four energy sectors &mdash; dark energy, dark matter, a transitional component, and baryonic matter &mdash; whose fractional shares are treated by standard cosmology as empirical inputs requiring no explanation. <br><br>This paper derives them from a single equation: &sigma; = 1/",,,Preprint,cc-by-4.0,https://zenodo.org/records/18727029,The Rung Theorem McLean Final.pdf
18717070,10.5281/zenodo.18717070,A Cascade Model for the Proton Spin Decomposition,2026-02-20,"McLean, Eric","<p><strong>Title:</strong> A Cascade Model for the Proton Spin Decomposition</p>
<p><strong>Description:</strong></p>
<p>A two-level angular momentum cascade, motivated by non-Abelian self-interaction, predicts the proton spin decomposition with zero free parameters. The self-similarity condition on",Proton Spin; Proton; electron; quarks,,Preprint,cc-by-4.0,https://zenodo.org/records/18717070,Proton_Spin_Golden_McLean Final.doc.pdf
18716359,10.5281/zenodo.18716359,The Proton–Electron Mass Ratio,2026-02-20,"McLean, Eric","<p><strong>Title:</strong> The Proton&ndash;Electron Mass Ratio from Self-Referential Geometry</p>
<p><strong>Description:</strong></p>
<p>The proton-to-electron mass ratio &mu; = 1836.15267343(11) is one of the most precisely measured constants in physics. No theory predicts its value. We show it f",Proton–Electron Mass Ratio; proton; electron,,Preprint,cc-by-4.0,https://zenodo.org/records/18716359,The_Proton_Electron_Mass_Ratio.pdf
18716271,10.5281/zenodo.18716271,The Electron Mass Is Derived,2026-02-20,"McLean, Eric","<p><strong>Title:</strong> The Electron Mass Is Derived</p>
<p><strong>Description:</strong></p>
<p>Two results from the self-referential axiom &sigma; = 1/(1+&sigma;) combine to determine the electron mass in Planck units with zero free parameters.</p>
<p>The gravitational formula gives the proton ",Electron; electron mass; electron mass derivation,,Preprint,cc-by-4.0,https://zenodo.org/records/18716271,The_Electron_Mass_McLean Final.pdf
18680907,10.5281/zenodo.18680907,Why Five?,2026-02-18,"McLean, Eric","<p><strong>VERSION 1<br><br>Title:</strong> Why Five? How a Single Axiom of Self-Reference Selects Pentagonal Geometry and Determines the Constants of Physics</p>
<p><strong>Description:</strong></p>
<p>Why does five-fold symmetry dominate quasicrystalline matter? Why is the golden ratio &phi; = (1+","quasicrystals; fine structure constant; cosmological constant; five-fold symmetry; Penrose tiling; pentagon geometry; icosahedral symmetry; Steinhardt; aperiodic order,; Primary Coherence Theory",,Preprint,cc-by-4.0,https://zenodo.org/records/18680907,Why_Five_McLean Final.pdf
18679529,10.5281/zenodo.18679529,THE SPIRAL ENGINE OF ELECTROMECHANICAL TO ELECTROMAGNETIC ENERGY,2026-02-18,"McLean, Eric","<p>The golden angle (360&deg;/&phi;&sup2; = 137.508&deg;) is coprime to 360 at integer resolution: advancing by 137&deg; visits every position on a 360-point circle before repeating, completing exactly 137 revolutions. Each revolution constitutes one cycle of electromagnetic field energy. 137 revolu",physics; phi; fine structure constant; proton mass; cosmological constant; electromagnetic energy; dark energy; hydrogen; maxwell; primary coherence theory; mass energy equivalence; coprimality,,Preprint,cc-by-4.0,https://zenodo.org/records/18679529,Spiral_Engine_McLean Final.pdf
18669206,10.5281/zenodo.18669206,The Constants Are Theorems:  Geometric Unification of α and Λ,2026-02-17,"McLean, Eric","<p><strong>For fifty years, physics has called it ""the worst prediction in the history of science.""</strong></p>
<p>Quantum field theory predicts the vacuum energy of the universe. It gets the answer wrong by a factor of 10&sup1;&sup2;⁰. That's not a rounding error. That's 120 orders of magnitude&md",cosmological constant; alpha; lambda; coherence; Phi; fine structure constant; quantum field theory; pentagon; new particle; fibonacci,,Preprint,cc-by-4.0,https://zenodo.org/records/18669206,The_Constants_Are_Theorems_V3 (3).pdf
18651622,10.5281/zenodo.18651622,Light Has No Speed,2026-02-15,"McLean, Eric","<p><strong>Light Has No Speed: On the Geometric Origin of c, E = mc&sup2;, and the Architecture of Energy</strong></p>
<p>The speed of light is not a speed. It is a dimensionless compression ratio &mdash; the winding depth at which free coherence becomes bound matter. This paper derives its exact nu",,,Preprint,cc-by-4.0,https://zenodo.org/records/18651622,Light_Has_No_Speed Final.pdf
18647375,10.5281/zenodo.18647375,360 is not arbitrary,2026-02-15,"McLean, Eric","<p><strong>VERSION 2&nbsp;</strong><br><br><strong>A Derived Series for the Fine Structure Constant from Self-Referential Geometry, with Stress Test, Lagrangian Connection, and Pre-Registered Fifth Term</strong><br><br><br>This paper establishes that the fine structure constant satisfies a convergen",360; degree problem; Phi; babylonian; golden ratio; self-reference; lagrangian; fine structure constant,,Technical note,cc-by-4.0,https://zenodo.org/records/18647375,why_360_proof_v4.pdf
18632291,10.5281/zenodo.18632291,Why Is Nature Lagrangian?,2026-02-13,"McLean, Eric","<p><strong>Why Is Nature Lagrangian? <br><br>Because Coherence is Primary&nbsp;</strong></p>
<p>The variational principle has governed physics since 1744. No one has explained why.</p>
<p>This paper answers the question. Nature is Lagrangian because self-reference is variational. Any system that mus",Coherence; lagrangian; Phi; variational; self reference; entropy; sherbon; wheeler; Coldea,,Preprint,cc-by-4.0,https://zenodo.org/records/18632291,Why_Is_Nature_Lagrangian_V2 Final.pdf
18625127,10.5281/zenodo.18625127,The Edge of Everything - Where Structure Becomes Matter,2026-02-12,"McLean, Eric","<p><strong>The Universal Ecotone&nbsp;</strong><br><br>Every forest has an edge. Every shoreline has a tide pool. Every quantum measurement has a moment where the wavefunction hasn't quite decided yet. Ecology calls these transition zones <em>ecotones</em>, and they've known for seventy years that t",,,Preprint,cc-by-4.0,https://zenodo.org/records/18625127,The Edge of Everything.pdf
18624807,10.5281/zenodo.18624807,Spiral Convergence Theory,2026-02-12,"Mclean, Eric","<p><strong>Spiral Convergence: From General Relativity to the Fine Structure Constant</strong></p>
<p>There are two open mysteries in fundamental physics. Why does the cosmic energy budget divide into 68% dark energy, 26% dark matter, and 5% baryonic matter &mdash; numbers measured but never derived",Baryonic matter; general relativity; Phi; Lambda; Golden Ratio; Cosmological Constant; Spirals; dark energy; dark matter; Apery; lewin; BBN; Hubble tension; 137; Feybman; Pauli; Friedman; spiral convergence,,Preprint,cc-by-4.0,https://zenodo.org/records/18624807,Spiral_Convergence_Theory_2026_V3 (4).pdf
18624752,10.5281/zenodo.18624752,Deriving the Fine Structure Constant,2026-02-12,"McLean, Eric","<p><strong>Paper 2: Deriving the Fine Structure Constant: A Forward Derivation from General Relativity</strong></p>
<p><strong><em>The standalone proof.</em></strong> <br><br>Starting from the damping ratio established in Paper 1, this paper executes the complete forward derivation of &alpha;⁻&sup1;",Fisher-Rao metric; Friedmann equations; damping ratio; self referential cosmology; dark energy; constants; alpha 1/137; hubble tension; golden ratio,,Preprint,cc-by-4.0,https://zenodo.org/records/18624752,Deriving_Alpha Final.pdf
18624607,10.5281/zenodo.18624607,The Universe Has No External - Why ζ = φ⁻¹,2026-02-12,"McLean, Eric",<p><strong><em>The foundational paper of the trilogy.</em> <br></strong>This paper asks the question that a century of attempts to derive the fine structure constant has failed to ask: why must the universe couple to itself with golden ratio damping? The answer: a closed gravitational system with no,fine structure constant; fundamental constants; cosmological constant problem; dark energy; hubble tension; golden ratio physics; alpha 1/137; dark energy fraction; Fisher-Rao metric; Friedmann equations; damping ratio,,Preprint,cc-by-4.0,https://zenodo.org/records/18624607,The_Universe_Has_No_External.pdf
18504626,10.5281/zenodo.18504626,When the Universe Stops Dancing,2026-02-06,"McLean, Eric","<p>In approximately 8.5 billion years, the universe will reach equilibrium. Dark energy will settle at 61.8% of the total energy budget. Dark matter at 23.6%. A transition sector at 9.0%. Baryonic matter at 5.6%. These four numbers sum to exactly 100%, not by measurement, but by algebraic identity.<",,,Preprint,cc-by-4.0,https://zenodo.org/records/18504626,When_the_Universe_Stops_Dancing Final Complete.pdf
18430024,10.5281/zenodo.18430024,Quantum Mechanics Relocated,2026-01-30,"McLean, Eric","<p><strong>What if quantum mechanics was never weird?</strong></p>
<p>For a century, we've treated superposition, entanglement, and wave function collapse as paradoxes demanding explanation. We've built interpretations (Copenhagen, Many Worlds, pilot waves) each trying to make sense of a reality tha",QM; entanglement; coherence; entropy; superposition; decoherence; wave function collapse; consciousness,,Preprint,cc-by-4.0,https://zenodo.org/records/18430024,Quantum Mechanics Relocated.pdf
18427928,10.5281/zenodo.18427928,Primary Coherence Theory: Why Reality Runs on Golden Geometry,2026-01-30,"McLean, Eric",<p>The Hubble tension&mdash;the persistent 8-9% discrepancy between early-universe (Planck: 67.4 km/s/Mpc) and late-universe (SH0ES: 73.04 km/s/Mpc) measurements of the expansion rate&mdash;may not be an error requiring resolution. The ratio of these values (1.0837) matches &phi;^(1/6) (1.0835) with,Hubble tension; phi; dark matter; dark energy; coherence; entropy; self-referencing; sustaining; cosmological parameters; phase transmissions,,Preprint,cc-by-4.0,https://zenodo.org/records/18427928,Primary_Coherence_Theory_v2.pdf
18421638,10.5281/zenodo.18421638,φ Is the Eigenvalue of Self-Reference,2026-01-29,"McLean, Eric","<div>
<div>
<div>
<div>
<div>
<div>

<h2>Description</h2>
<p><strong>The golden ratio keeps appearing in physics. This paper explains why.</strong></p>
<p>Hardy's entanglement paradox: &phi;⁻⁵. E8 symmetry at quantum criticality: frequency ratio &phi;. Phase transitions, coherence thresholds, even p",golden ratio; phi; quantum; eiganvalue; lucas numbers; hardy paradox; E8 Symmetry; coherence; primes; goldbach; fibonacci,,Preprint,cc-by-4.0,https://zenodo.org/records/18421638,φ Is the Eigenvalue of Self-Reference V4.pdf
18421418,10.5281/zenodo.18421418,The φ-Eigengeometry of Prime Pairs,2026-01-29,"McLean, Eric","<h3><strong>Why does the golden ratio appear in a problem about prime numbers?</strong></h3>
<p>Goldbach's Conjecture&mdash;that every even integer greater than 2 is the sum of two primes&mdash;has resisted proof for 282 years. This paper presents a new approach: the conjecture may be true not by ac","Goldbach; Goldbach conjecture; Phi; primes; prime pairs; sieve methods; lucas numbers; self-reference; φ-eigengeometry,; coherence",,Preprint,cc-by-4.0,https://zenodo.org/records/18421418,goldbach_phi_geometry_v4_preprint.md.pdf
18402430,10.5281/zenodo.18402430,The Mother of Time,2026-01-28,"McLean, Eric","<p>What if time doesn't flow through us&mdash;but emerges from us?</p>
<p>This paper proposes that time is not a fundamental container but a consequence. Along a null worldline, proper time is zero: light experiences no duration. Time appears only when coherence slows down&mdash;when it crosses a cr",time; coherence; phi; entropy; thermodynamics; consciousness; KAM; cosmo;ogy; dark matter; dark energy; philosophy; physics; special relativity; self-reference; self-sustaining,,Preprint,cc-by-4.0,https://zenodo.org/records/18402430,the_mother_of_time_v13.pdf
18380533,10.5281/zenodo.18380533,Self Reference Has a Signature - The golden ratio appears wherever a system looks at itself,2026-01-26,"McLean, Eric","<p>When a system references itself, the golden ratio &phi; emerges &mdash; not as approximation, but as mathematical necessity.</p>
<p>We demonstrate this in two independent domains:</p>
<ol>
<li><strong>Coherence dynamics</strong>: Numerical simulation of self-coupled Ginzburg-Landau dynamics revea",coherence; self-reference; e=mc2; Ginzburg-Landau; phi,,Preprint,cc-by-4.0,https://zenodo.org/records/18380533,self_reference_has a signature.pdf
18370223,10.5281/zenodo.18370223,"Coherence as Primary: An Integrated Framework for Physics, Consciousness, and System Design",2026-01-25,"McLean, Eric","<p>This paper proposes a fundamental ontological inversion: coherence, not entropy, is the baseline condition of reality. The mechanism is self-reference&mdash;formalized through complex Ginzburg-Landau dynamics with conjugate self-coupling (&eta;C*), where phase-dependent feedback generates differe",Consciousness; entropy; coherence; philosophy of mind; ginzburg-landau; hard problem of consciousness,,Preprint,cc-by-4.0,https://zenodo.org/records/18370223,COHERENCE_AS_PRIMARY_V3_QMchanges.pdf
18354655,10.5281/zenodo.18354655,A Golden Ratio Scaling Ansatz for the Hubble Tension,2026-01-23,"McLean, Eric","<p>We report a phenomenological observation: the ratio of late-universe (SH0ES) to early-universe (Planck) Hubble constant measurements is consistent with &phi;^(1/6), the sixth root of the Golden Ratio. Applying this scaling to the Planck value of 67.4 &plusmn; 0.5 km/s/Mpc yields 73.03 &plusmn; 0.",Hubble tension; hubble constant; golden ratio; cosmology; SH0ES; Planck; E8; Dark energy; JWST,,Preprint,cc-by-4.0,https://zenodo.org/records/18354655,hubble_ansatz_v2.pdf
18348623,10.5281/zenodo.18348623,Coherence is Light,2026-01-23,"McLean, Eric","<p>Apologies to the Physicists and Mathematicians, forgive any poetic prose. It seems unavoidable at times in ordrer to capture essence.&nbsp;<br><br>This paper proposes a fundamental ontological identification: coherence is light. It argues not that coherence expresses itself as light, but that the","Coherence,; light; golden ratio; fine structure constant; critical threshold; speed of light; Ginzburg-Landau dynamics; Hard problem; entropy; Carnot efficiency; joy; flow; α",,Preprint,cc-by-4.0,https://zenodo.org/records/18348623,Coherence_Is_Light_V6.pdf
18315847,10.5281/zenodo.18315847,The Cost of Showing Up,2026-01-20,"McLean, Eric","<p>What if the golden ratio isn't beautiful&mdash;it's <em>inevitable</em>?</p>
<p>This preprint proposes that &phi; (&asymp; 1.618) is not a curiosity nature stumbles upon, but the only mathematical solution available to any system that must remain itself while becoming something new. Under two spe",golden ratio; phi; coherence; entropy; consciousness; recursion,,Preprint,cc-by-4.0,https://zenodo.org/records/18315847,The_Cost_of_Showing_Up V2.pdf
